CREATE DATABASE  IF NOT EXISTS `inventarios` /*!40100 DEFAULT CHARACTER SET utf8mb4 COLLATE utf8mb4_general_ci */ /*!80016 DEFAULT ENCRYPTION='N' */;
USE `inventarios`;
-- MySQL dump 10.13  Distrib 8.0.20, for Win64 (x86_64)
--
-- Host: localhost    Database: inventarios
-- ------------------------------------------------------
-- Server version	8.0.20

/*!40101 SET @OLD_CHARACTER_SET_CLIENT=@@CHARACTER_SET_CLIENT */;
/*!40101 SET @OLD_CHARACTER_SET_RESULTS=@@CHARACTER_SET_RESULTS */;
/*!40101 SET @OLD_COLLATION_CONNECTION=@@COLLATION_CONNECTION */;
/*!50503 SET NAMES utf8 */;
/*!40103 SET @OLD_TIME_ZONE=@@TIME_ZONE */;
/*!40103 SET TIME_ZONE='+00:00' */;
/*!40014 SET @OLD_UNIQUE_CHECKS=@@UNIQUE_CHECKS, UNIQUE_CHECKS=0 */;
/*!40014 SET @OLD_FOREIGN_KEY_CHECKS=@@FOREIGN_KEY_CHECKS, FOREIGN_KEY_CHECKS=0 */;
/*!40101 SET @OLD_SQL_MODE=@@SQL_MODE, SQL_MODE='NO_AUTO_VALUE_ON_ZERO' */;
/*!40111 SET @OLD_SQL_NOTES=@@SQL_NOTES, SQL_NOTES=0 */;

--
-- Table structure for table `compra`
--

DROP TABLE IF EXISTS `compra`;
/*!40101 SET @saved_cs_client     = @@character_set_client */;
/*!50503 SET character_set_client = utf8mb4 */;
CREATE TABLE `compra` (
  `id` int NOT NULL AUTO_INCREMENT,
  `fecha` date DEFAULT NULL,
  `info` blob,
  PRIMARY KEY (`id`)
) ENGINE=InnoDB AUTO_INCREMENT=7 DEFAULT CHARSET=utf8mb4 COLLATE=utf8mb4_0900_ai_ci;
/*!40101 SET character_set_client = @saved_cs_client */;

--
-- Dumping data for table `compra`
--

LOCK TABLES `compra` WRITE;
/*!40000 ALTER TABLE `compra` DISABLE KEYS */;
INSERT INTO `compra` VALUES (1,'2021-11-17',''),(2,'2021-12-24',NULL),(3,'2021-12-07',NULL),(4,'2021-10-20',NULL),(5,'2021-11-30',NULL);
/*!40000 ALTER TABLE `compra` ENABLE KEYS */;
UNLOCK TABLES;

--
-- Table structure for table `grupo`
--

DROP TABLE IF EXISTS `grupo`;
/*!40101 SET @saved_cs_client     = @@character_set_client */;
/*!50503 SET character_set_client = utf8mb4 */;
CREATE TABLE `grupo` (
  `id` int NOT NULL,
  `nombre` varchar(60) DEFAULT NULL,
  PRIMARY KEY (`id`)
) ENGINE=InnoDB DEFAULT CHARSET=utf8mb4 COLLATE=utf8mb4_0900_ai_ci;
/*!40101 SET character_set_client = @saved_cs_client */;

--
-- Dumping data for table `grupo`
--

LOCK TABLES `grupo` WRITE;
/*!40000 ALTER TABLE `grupo` DISABLE KEYS */;
INSERT INTO `grupo` VALUES (1,'Ácidos minerales no oxidantes'),(2,'Ácidos minerales oxidantes'),(3,'Ácidos organicos'),(4,'Alcoholes y glicoles.'),(5,'Aldehidos'),(6,'Amidas'),(7,'Aminas alfaticas y aromaticas'),(8,'Azo compuestos, diazo compuestos e hidracinas'),(10,'Causticos'),(13,'Esteres'),(16,'Hidrocarburos aromaticos'),(17,'Órgano-halogenos'),(19,'Cetonas'),(22,'Otros metales elementales o mezclados en forma de polvo'),(23,'Otros metales elementales y aleaciones'),(24,'Metales y compuestos de metales toxicos'),(27,'Compuestos orgánicos'),(30,'Peróxidos e hidroperóxidos orgánicos'),(33,'Sulfuros orgánicos'),(102,'Explosivos'),(104,'Agentes oxidantes fuertes'),(105,'Agentes reductores fuertes');
/*!40000 ALTER TABLE `grupo` ENABLE KEYS */;
UNLOCK TABLES;

--
-- Table structure for table `inventario`
--

DROP TABLE IF EXISTS `inventario`;
/*!40101 SET @saved_cs_client     = @@character_set_client */;
/*!50503 SET character_set_client = utf8mb4 */;
CREATE TABLE `inventario` (
  `tipo_inventario` varchar(6) NOT NULL,
  `nombre` varchar(50) DEFAULT NULL,
  PRIMARY KEY (`tipo_inventario`)
) ENGINE=InnoDB DEFAULT CHARSET=utf8mb4 COLLATE=utf8mb4_0900_ai_ci;
/*!40101 SET character_set_client = @saved_cs_client */;

--
-- Dumping data for table `inventario`
--

LOCK TABLES `inventario` WRITE;
/*!40000 ALTER TABLE `inventario` DISABLE KEYS */;
INSERT INTO `inventario` VALUES ('I.P','Inventario de laboratorio de pesados'),('I.R','Inventario de residuos'),('I.RA','Inventario de reactivos');
/*!40000 ALTER TABLE `inventario` ENABLE KEYS */;
UNLOCK TABLES;

--
-- Table structure for table `inventario_l_pesados`
--

DROP TABLE IF EXISTS `inventario_l_pesados`;
/*!40101 SET @saved_cs_client     = @@character_set_client */;
/*!50503 SET character_set_client = utf8mb4 */;
CREATE TABLE `inventario_l_pesados` (
  `codigo` varchar(10) NOT NULL,
  `nombre` varchar(100) DEFAULT NULL,
  `marca` varchar(40) DEFAULT NULL,
  `modelo` varchar(20) DEFAULT NULL,
  `num_serie` varchar(30) DEFAULT NULL,
  `uso` varchar(140) DEFAULT NULL,
  `clave_patrimonial` varchar(35) DEFAULT NULL,
  `guia_y_manual` varchar(50) DEFAULT NULL,
  `observaciones` varchar(50) DEFAULT NULL,
  `laboratorio` varchar(8) DEFAULT NULL,
  `antiguedad` int DEFAULT NULL,
  `tipo` varchar(10) DEFAULT NULL,
  PRIMARY KEY (`codigo`),
  KEY `fk_laboratorio_idx` (`laboratorio`),
  KEY `fk_tipo_idx` (`tipo`),
  CONSTRAINT `fk_laboratorio` FOREIGN KEY (`laboratorio`) REFERENCES `laboratorio` (`id`),
  CONSTRAINT `fk_tipo` FOREIGN KEY (`tipo`) REFERENCES `inventario` (`tipo_inventario`)
) ENGINE=InnoDB DEFAULT CHARSET=utf8mb4 COLLATE=utf8mb4_0900_ai_ci;
/*!40101 SET character_set_client = @saved_cs_client */;

--
-- Dumping data for table `inventario_l_pesados`
--

LOCK TABLES `inventario_l_pesados` WRITE;
/*!40000 ALTER TABLE `inventario_l_pesados` DISABLE KEYS */;
INSERT INTO `inventario_l_pesados` VALUES ('LALIM-001','Un equipo  Digestor  con bomba de vacío y de dos unidades Kjeldahl.','CRODE',NULL,'2830879',NULL,NULL,NULL,'Fuera de servicio','L.AL',10,'I.P'),('LALIM-002','Digestor destilador Kjeldahl marca','LABCONCO',NULL,'2829806','Para determinacion de proteIna',NULL,NULL,NULL,'L.AL',10,'I.P'),('LALIM-003','Parrilla Electrica c/ agitador magnético.','CORNING',NULL,NULL,'Calentamiento',NULL,NULL,NULL,'L.AL',10,'I.P'),('LALIM-004','Autoclave vertical c/ manómetro','CEOUSA',NULL,NULL,'Esterilizacion de material y equipo por calor humedo ',NULL,NULL,NULL,'L.AL',30,'I.P'),('LALIM-005','Evaporador Rotatorio al vacio','KFRAMO',NULL,'2829679',NULL,NULL,NULL,'Fuera de servicio','L.AL',15,'I.P'),('LALIM-006','Balanza granataria cap. 2600 gr','OHAUS',NULL,'2830188','Pesar muestras',NULL,NULL,NULL,'L.AL',30,'I.P'),('LALIM-007','Balanza analítica adventure cap.210 g ','OHAUS',NULL,NULL,'Pesar muestras',NULL,NULL,NULL,'L.AL',8,'I.P'),('LALIM-008','Bomba de vacio ','FELI WELCH',NULL,'2890056','Para filtracion',NULL,NULL,NULL,'L.AL',35,'I.P'),('LALIM-009','Contador de colonias','SOL-BAT',NULL,'28300296','para contar colonias ',NULL,NULL,NULL,'L.AL',35,'I.P'),('LALIM-010','Microscopio binocular ','KARL ZEISS',NULL,'2830498',NULL,NULL,NULL,'4 en uso y 2 en reparacion ','L.AL',8,'I.P'),('LALIM-011','Microscopio binocular ','3B',NULL,NULL,NULL,NULL,NULL,NULL,'L.AL',6,'I.P'),('LALIM-012','Esteroscopio','SWFT',NULL,'2830527','Para observar cuerpos opacos',NULL,NULL,NULL,'L.AL',20,'I.P'),('LALIM-013','Refractómetro ABBE','IROSCOPE',NULL,NULL,NULL,NULL,NULL,'En reparacion ','L.AL',20,'I.P'),('LALIM-014','Espectrofotómetro 6/20-T9273','PERKINS',NULL,NULL,NULL,NULL,NULL,'Fuera de servicio','L.AL',20,'I.P'),('LALIM-015','Mufla de 0-1200° C','CAISA',NULL,NULL,NULL,NULL,NULL,'En reparacion ','L.AL',25,'I.P'),('LALIM-016','Mufla de 0-1200° C','THERMOLYNE',NULL,'2830812','Calentamiento de muestras, esterilizacion de materia por vapor seco',NULL,NULL,NULL,'L.AL',20,'I.P'),('LALIM-017','Baño maría eléctrico','RIOSSA',NULL,'2830932','para baños marias en practicas',NULL,NULL,NULL,'L.AL',15,'I.P'),('LALIM-018','Baño maría eléctrico','J.M. ORTIZ',NULL,NULL,NULL,NULL,NULL,'Fuera de servicio','L.AL',10,'I.P'),('LALIM-019','Estufa Horno de 0-300°C','J.M. ORTIZ',NULL,'2830932','Para calentamiento ',NULL,NULL,NULL,'L.AL',25,'I.P'),('LALIM-020','Horno de secado de circulación forzada  de 0-300° C','RIOSSA',NULL,'2830933','Para deshidratar muestras y esterilizar material ',NULL,NULL,NULL,'L.AL',7,'I.P'),('LALIM-021','Incubadora','RIOSSA',NULL,NULL,NULL,NULL,NULL,'Fuera de servicio','L.AL',35,'I.P'),('LALIM-022','Incubador vertical ','PRESCION-SCIENTIFIC',NULL,NULL,NULL,NULL,NULL,'Fuera de servicio','L.AL',30,'I.P'),('LALIM-023','Estufa de vacio con termostato','LAB-LINE INSTRUMENT',NULL,NULL,NULL,NULL,NULL,'Fuera de servicio','L.AL',15,'I.P'),('LALIM-024','Campana de extracción ','CRODE',NULL,'2844786',NULL,NULL,NULL,'Fuera de servicio','L.AL',20,'I.P'),('LALIM-025','Campana de extracción','DEDUTEL',NULL,NULL,'Extraccion de gases en practicas',NULL,NULL,NULL,'L.AL',5,'I.P'),('LALIM-026','Refrigerador  dos puertas horizontales 9 pies','GENERAL ELECTRIC',NULL,NULL,'Almacenamiento de muestras ',NULL,NULL,NULL,'L.AL',10,'I.P'),('LALIM-027','Refrigerador dos puertas horizontales  7 pies','LG',NULL,NULL,NULL,NULL,NULL,'Fuera de servicio','L.AL',7,'I.P'),('LALIM-028','Microdigestor KJELDAHL de 6 unidades','CRODE',NULL,NULL,'Para calentar',NULL,NULL,NULL,'L.AL',10,'I.P'),('LALIM-029','Microdestilador  KJELDAHL','CRODE',NULL,NULL,NULL,NULL,NULL,'Fuera de servicio','L.AL',10,'I.P'),('LALIM-030','Refrigerador  20.5 ftᵌ','FRIGIDARE',NULL,NULL,'Almacenamiento de muestras y reactivos',NULL,NULL,NULL,'L.AL',2,'I.P'),('LALIM-031','Incubadora ','BOKEL',NULL,NULL,'Para incubar muestras echas en practicas ',NULL,NULL,NULL,'L.AL',2,'I.P'),('LAMB-001','Aparato incutrol','Hach ',NULL,NULL,'Control de temperatura',NULL,NULL,NULL,'L.AM',10,'I.P'),('LAMB-002','Bomba de vacío','Milipore, Felisa, Master cool',NULL,NULL,'Filtación',NULL,NULL,NULL,'L.AM',8,'I.P'),('LAMB-003','Bomba de aireación','Optima',NULL,NULL,'Aereación',NULL,NULL,NULL,'L.AM',10,'I.P'),('LAMB-004','Campana de extracción  ','LapConco',NULL,NULL,'Extracción de gases',NULL,NULL,NULL,'L.AM',15,'I.P'),('LAMB-005','Compresor de gases','Graftsman',NULL,NULL,'Para Cromatografo',NULL,NULL,NULL,'L.AM',10,'I.P'),('LAMB-006','Balanza analítica','Navigator',NULL,NULL,'Pesados con mayor presición',NULL,NULL,NULL,'L.AM',5,'I.P'),('LAMB-007','Balanza granataria','Ohuus',NULL,NULL,'Pesar',NULL,NULL,NULL,'L.AM',7,'I.P'),('LAMB-008','Balanza electrónica','Ohuus',NULL,NULL,'',NULL,NULL,NULL,'L.AM',5,'I.P'),('LAMB-009','Muflas','Frederiksen, Barnestead',NULL,NULL,'Calcinación',NULL,NULL,NULL,'L.AM',15,'I.P'),('LAMB-010','Estufa de cultivo','Riossa',NULL,NULL,'Incubación de microorganismos',NULL,NULL,NULL,'L.AM',10,'I.P'),('LAMB-011','Estufa de secado','Shel-Lab, Riossa',NULL,NULL,'Eliminacion de humedad',NULL,NULL,NULL,'L.AM',10,'I.P'),('LAMB-012','Refrigerador','Frigidire',NULL,NULL,'Precervacion de muestras',NULL,NULL,NULL,'L.AM',1,'I.P'),('LAMB-013','Parrilla de agitación con calentamiento','Corning',NULL,NULL,'Agitacion y calentamiento',NULL,NULL,NULL,'L.AM',3,'I.P'),('LAMB-014','Parrilla eléctrica','Corning, Thermolyne, Thermoscientitic',NULL,NULL,'calentamiento',NULL,NULL,NULL,'L.AM',3,'I.P'),('LAMB-015','Baño maría','Riossa',NULL,NULL,'Calentamiento',NULL,NULL,NULL,'L.AM',15,'I.P'),('LAMB-016','Incubadora',' Riossa',NULL,NULL,'Incuvacion de microorganismos',NULL,NULL,NULL,'L.AM',10,'I.P'),('LAMB-017','Rota vapor','Buchi',NULL,'28dit0007a','Prificacion de solventes',NULL,NULL,NULL,'L.AM',15,'I.P'),('LAMB-018','Espectrofotómetro de absorción atómica','Perkinenmer',NULL,NULL,'Determinacion de metales',NULL,NULL,NULL,'L.AM',17,'I.P'),('LAMB-019','Espectrofotómetro de lectura directa','Hach dr2000, dr2800',NULL,'Lpg422.53.00012','Determinacion de diversos parametros',NULL,NULL,NULL,'L.AM',3,'I.P'),('LAMB-020','Potenciómetro','suelos',NULL,NULL,'Determinacion de pH',NULL,NULL,NULL,'L.AM',1,'I.P'),('LAMB-021','Turbidimetro','Motte',NULL,NULL,'Determinacion de turbidez',NULL,NULL,NULL,'L.AM',5,'I.P'),('LAMB-022','Conductimetro',NULL,NULL,'910205798','Derminacion tem, SDT, Cond.',NULL,NULL,NULL,'L.AM',4,'I.P'),('LAMB-023','Microscopios','Konas, Iencou satm',NULL,NULL,'Obcervacion de microorganismos',NULL,NULL,NULL,'L.AM',12,'I.P'),('LAMB-024','Esterilizador','All. American',NULL,NULL,'eliminacion de microorganismos',NULL,NULL,NULL,'L.AM',8,'I.P'),('LAMB-025','Cromatografo de gases','Varian',NULL,NULL,'Determinacion de la composicion de los gases',NULL,NULL,NULL,'L.AM',10,'I.P'),('LAMB-026','Medidor de turbidez','Orbeco-hellige',NULL,NULL,'Determinacion de Turbidez',NULL,NULL,NULL,'L.AM',9,'I.P'),('LAMB-027','Medidor de conductividad','Hach ',NULL,NULL,'Determinacion de Condutivilidad',NULL,NULL,NULL,'L.AM',7,'I.P'),('LAMB-028','Medidor de pH ','orion',NULL,NULL,'Determinacion de pH',NULL,NULL,NULL,'L.AM',3,'I.P'),('LAMB-029','Medidor de salinidad','Ysi',NULL,NULL,'Determinacion de salinidad',NULL,NULL,NULL,'L.AM',5,'I.P'),('LAMB-030','Microdestilador','Crode',NULL,NULL,'Separacion de sustancias atraves de su punto de ebullición',NULL,NULL,NULL,'L.AM',8,'I.P'),('LAMB-031','Medidor portátil de solidos disueltos','Hanna',NULL,NULL,'Determinacion de SDT',NULL,NULL,NULL,'L.AM',10,'I.P'),('LAMB-032','Medidor de ruido','Extech',NULL,NULL,'Medicion de los deciveles que existen en el ambiente',NULL,NULL,NULL,'L.AM',13,'I.P'),('LAMB-033','Medidor electrónico multifuncional','Dedutel',NULL,NULL,NULL,NULL,NULL,NULL,'L.AM',14,'I.P'),('LAMB-034','Olla de presión','Stel, Ecko',NULL,NULL,NULL,NULL,NULL,NULL,'L.AM',10,'I.P'),('LANA-001','Destilador',NULL,'A1015-B61','2112100760853','Obtención de agua destilada para todos los laboratorios',NULL,NULL,NULL,'L.AN',NULL,'I.P'),('LANA-002','Estufa ','Thermolyne',NULL,NULL,'Para secado de material y reactivos',NULL,NULL,NULL,'L.AN',NULL,'I.P'),('LANA-003','Estufa ','Isotemp',NULL,NULL,NULL,NULL,NULL,NULL,'L.AN',NULL,'I.P'),('LANA-004','Mufla',NULL,'P501',NULL,NULL,NULL,NULL,'DAÑADA','L.AN',NULL,'I.P'),('LANA-005','Mufla','Lindemberg',NULL,NULL,'Para calentar residuos sólidos',NULL,NULL,NULL,'L.AN',NULL,'I.P'),('LANA-006','Balanza analítica','Adam','PW254','AE4381639','Para pesaje de reactivos con exactitud',NULL,NULL,'Capacidad: 250g, d= 0.0001g','L.AN',NULL,'I.P'),('LANA-007','Balanza analítica',NULL,'E1240','E2161119283095','Para pesaje de reactivos con exactitud',NULL,NULL,'Capacidad: 250g, d= 0.0001g','L.AN',NULL,'I.P'),('LANA-008','Balanza analítica',NULL,'AR2140','128851225271149','Para pesaje de reactivos con exactitud',NULL,NULL,'Capacidad: 250g, d= 0.0001g','L.AN',NULL,'I.P'),('LANA-009','Balanza analítica','Adam','RE4381641','AE4381641','Para pesaje de reactivos con exactitud',NULL,NULL,'Dañada','L.AN',NULL,'I.P'),('LANA-010','Balanza analítica',NULL,'AR2140','N13123','Para pesaje de reactivos con exactitud',NULL,NULL,'Tiene error','L.AN',NULL,'I.P'),('LANA-011','Parrilla','Corning',NULL,NULL,'Calentamiento de muestras',NULL,NULL,NULL,'L.AN',NULL,'I.P'),('LANA-012','Parrilla','Corning',NULL,NULL,'Calentamiento de muestras',NULL,NULL,NULL,'L.AN',NULL,'I.P'),('LANA-013','Parrilla','Corning',NULL,NULL,'Calentamiento de muestras',NULL,NULL,NULL,'L.AN',NULL,'I.P'),('LANA-014','Parrilla','Corning',NULL,NULL,'Calentamiento de muestras',NULL,NULL,NULL,'L.AN',NULL,'I.P'),('LANA-015','Bomba de vacío',NULL,NULL,NULL,'Se utiliza para hacer filtraciones al vacío.',NULL,NULL,NULL,'L.AN',NULL,'I.P'),('LANA-016','Bomba de vacío',NULL,NULL,NULL,'Se utiliza para hacer filtraciones al vacío.',NULL,NULL,NULL,'L.AN',NULL,'I.P'),('LFIS-001','Balanza analítica','ADE','','','Para pesaje de sustancias o muestras   ',NULL,NULL,NULL,'L.FQ',NULL,'I.P'),('LFIS-002','Balanza Analítica','Ohaus','Adventurer','K3391227390147','Para pesaje de sustancias o muestras   ',NULL,NULL,'Capacidad: 210g, d= 0.0001g','L.FQ',NULL,'I.P'),('LFIS-003','Bomba de vacío','Koblenz','DGP-134',NULL,'Se utiliza para hacer filtraciones al vacío.',NULL,NULL,NULL,'L.FQ',NULL,'I.P'),('LFIS-004','Colorímetro','Klett-Summerson','33784',NULL,'Colorimetría',NULL,NULL,NULL,'L.FQ',NULL,'I.P'),('LFIS-005','Espectrofotómetro UV-VIS','Perkin Elmer','Lambda 10','110N8112510','Determinación de concentraciones',NULL,NULL,NULL,'L.FQ',NULL,'I.P'),('LFIS-006','Espectrofotómetro UV-VIS','Dedutel','DECLQUIM-QI',NULL,'Determinación de concentraciones',NULL,NULL,'DAÑADO','L.FQ',NULL,'I.P'),('LFIS-007','Espectrofotómetro','Milton Roy','Spectronic 21D',NULL,'Determinación de concentraciones',NULL,NULL,'DAÑADO','L.FQ',NULL,'I.P'),('LFIS-008','Espectrofotómetro','Milton Roy','Spectronic 21D',NULL,'Determinación de concentraciones',NULL,NULL,'DAÑADO','L.FQ',NULL,'I.P'),('LFIS-009','Espectrofotómetro','Milton Roy','Spectronic 21D',NULL,'Determinación de concentraciones',NULL,NULL,'DAÑADO','L.FQ',NULL,'I.P'),('LFIS-010','Espectrofotómetro','Bausch & Lamb','Spectronic 20',NULL,'Determinación de concentraciones',NULL,NULL,NULL,'L.FQ',NULL,'I.P'),('LFIS-011','Espectrofotómetro portátil','Hanna',NULL,NULL,NULL,NULL,NULL,NULL,'L.FQ',NULL,'I.P'),('LFIS-012','Comparador de color','Taylor',NULL,NULL,NULL,NULL,NULL,NULL,'L.FQ',NULL,'I.P'),('LFIS-013','Estufa','Riossa','I060600636',NULL,'Para secado de material y reactivos',NULL,NULL,NULL,'L.FQ',NULL,'I.P'),('LFIS-014','Parrilla con agitación','Corning','PC420D','33507225087','Calentamiento y agitación de muestras',NULL,NULL,NULL,'L.FQ',NULL,'I.P'),('LFIS-015','Parrilla con agitación','Corning','PC220','350200108515','Calentamiento y agitación de muestras',NULL,NULL,NULL,'L.FQ',NULL,'I.P'),('LFIS-016','Multiparrilla','PMC Barnstead','524C','978051222371','Calentamiento y agitación de muestras',NULL,NULL,NULL,'L.FQ',NULL,'I.P'),('LFIS-017','Multiparrilla','PMC Barnstead','524C','978051222368','Calentamiento y agitación de muestras',NULL,NULL,NULL,'L.FQ',NULL,'I.P'),('LFIS-018','Agitador','Corning','PC353',NULL,'Agitación de muestras',NULL,NULL,NULL,'L.FQ',NULL,'I.P'),('LFIS-019','Agitador','Corning',NULL,NULL,'Agitación de muestras',NULL,NULL,NULL,'L.FQ',NULL,'I.P'),('LINOR-001','Centrifuga de 6 tubos','Clay Adams',NULL,NULL,'Separación de muestras',NULL,NULL,NULL,'L.QI',28,'I.P'),('LINOR-002','Balanza analítica','ADE',NULL,NULL,'Para pesaje de sustancias o muestras   ',NULL,NULL,NULL,'L.QI',5,'I.P'),('LINOR-003','Balanza analítica','Ohaus','Adventurer',NULL,'Para pesaje de sustancias o muestras   ',NULL,NULL,NULL,'L.QI',5,'I.P'),('LINOR-004','Balanza granataria','Ohaus','Adventurer','1225270807','Para pesaje de sustancias o muestras   ',NULL,NULL,'Capacidad: 2100g, d= 0.1g  FUERA DE OPERACIÓN','L.QI',18,'I.P'),('LINOR-005','Parrilla con agitación','IKA','C-MAG HS7',NULL,'Calentamiento y agitación de muestras',NULL,NULL,'Con termopar (0-500°C)','L.QI',2,'I.P'),('LINOR-006','Parrilla con agitación','IKA','C-MAG HS7',NULL,'Calentamiento y agitación de muestras',NULL,NULL,'Con termopar (0-500°C)','L.QI',2,'I.P'),('LINOR-007','Parrilla sin agitación','Thermoline','HP46825','639930354686','Calentamiento de muestras',NULL,NULL,'FUERA DE OPERACIÓN','L.QI',10,'I.P'),('LINOR-008','Parrilla sin agitación','Thermoline','HP46825','','Calentamiento de muestras',NULL,NULL,'NO ENCONTRADA','L.QI',7,'I.P'),('LINOR-009','Parrilla sin agitación','Thermoline','HP46825','64981152316','Calentamiento de muestras',NULL,NULL,NULL,'L.QI',7,'I.P'),('LINOR-010','Campana de extracción',NULL,NULL,NULL,'Extracción de gases',NULL,NULL,NULL,'L.QI',8,'I.P'),('LINOR-011','Agitador Electrico','mag-mix','6594',NULL,'Agitación de muestras',NULL,NULL,NULL,'L.QI',10,'I.P'),('LINOR012','Parrilla de Calentamiento','CIMAREC','HP131535','1,31506E+12','Calentamiento de muestras',NULL,NULL,NULL,'L.QI',5,'I.P'),('LIONOR013','Balanza Granataria','OHAUS',NULL,NULL,'Para pesaje de sustancias o muestras   ',NULL,NULL,NULL,'L.QI',28,'I.P'),('LORG-001','Balanza analítica','Ohaus','Adventurer','12851225271145P','Para pesaje de sustancias o muestras   ',NULL,NULL,'Capacidad: 210g, d= 0.0001g','L.QO',30,'I.P'),('LORG-002','Balanza granataria','ADAM ','Nimbus','AE9XD115','Para pesaje de sustancias o muestras   ',NULL,NULL,'Capacidad: 220g, d= 0.001g','L.QO',2,'I.P'),('LORG-003','Balanza analítica','ADAM ','PW 254','AE4381315','Para pesaje de sustancias o muestras   ',NULL,NULL,'Capacidad: 250g, d= 0.0001g','L.QO',10,'I.P'),('LORG-004','Balanza granataria de un plato','Ohaus',NULL,NULL,'Para pesaje de sustancias o muestras   ',NULL,NULL,'DAÑADA','L.QO',40,'I.P'),('LORG-005','Balanza granataria de un plato','DGN ',NULL,NULL,'Para pesaje de sustancias o muestras   ',NULL,NULL,'DAÑADA','L.QO',50,'I.P'),('LORG-006','Bomba de vacío','Black Gold',NULL,'6420316','Se utiliza para hacer filtraciones al vacío.',NULL,NULL,NULL,'L.QO',55,'I.P'),('LORG-007','Bomba de vacío','SIEMENS','FG-15U0L','990992','Se utiliza para hacer filtraciones al vacío.',NULL,NULL,NULL,'L.QO',40,'I.P'),('LORG-008','Bomba de vacío','SIEMENS',NULL,'H00','Se utiliza para hacer filtraciones al vacío.',NULL,NULL,NULL,'L.QO',40,'I.P'),('LORG-009','Medidor de punto de fusión','Fisher Jhons',NULL,NULL,'Calcula el punto de fusión de sustancias sólidas.',NULL,NULL,NULL,'L.QO',40,'I.P'),('LORG-010','Parrilla de calentamiento','CIMAREC','HP 131535','1315040691466','Se utiliza para calentar',NULL,NULL,NULL,'L.QO',5,'I.P'),('LORG-011','Parrilla de calentamiento','CIMAREC','HP 131535','1315040691467','Se utiliza para calentar',NULL,NULL,NULL,'L.QO',5,'I.P'),('LORG-012','Parrilla de calentamiento','CIMAREC','SP 46925','1089971033559','Se utiliza para calentar',NULL,NULL,NULL,'L.QO',10,'I.P'),('LORG-013','Parrilla de calentamiento','CIMAREC','HP 46825','1070981154016','Se utiliza para calentar',NULL,NULL,'DAÑADA','L.QO',40,'I.P'),('LORG-014','Parrilla de calentamiento','CIMAREC','HP 46825','1070981153997','Se utiliza para calentar',NULL,NULL,'DAÑADA','L.QO',40,'I.P'),('LORG-015','Parrilla de calentamiento','SYBRON (Thermolyne)','HP-A1915B',NULL,'Se utiliza para calentar',NULL,NULL,'DAÑADA','L.QO',40,'I.P'),('LORG-016','Parrilla con agitación','CORNING','PC 420 D','013506261169','Calentamiento y agitación magnetica.',NULL,NULL,NULL,'L.QO',7,'I.P'),('LORG-017','Parrilla con agitación','CORNING','PC 420 D','013506261187','Calentamiento y agitación magnetica.',NULL,NULL,NULL,'L.QO',7,'I.P'),('LORG-018','Parrilla con agitación','CORNING','PC 420 D','013506261194','Calentamiento y agitación magnetica.',NULL,NULL,NULL,'L.QO',7,'I.P'),('LORG-019','Parrilla con agitación','CORNING','PC 420 D','013506261186','Calentamiento y agitación magnetica.',NULL,NULL,NULL,'L.QO',7,'I.P'),('LORG-020','Parrilla con agitación','CORNING','PC 420 D','033507291103','Calentamiento y agitación magnetica.',NULL,NULL,NULL,'L.QO',7,'I.P'),('LORG-021','Parrilla con agitación','IKA','C-MAG HS7 S1','03.400374','Calentamiento y agitación magnetica.',NULL,NULL,NULL,'L.QO',2,'I.P'),('LORG-022','Parrilla con agitación','IKA','C-MAG HS7 S1','03.400353','Calentamiento y agitación magnetica.',NULL,NULL,NULL,'L.QO',2,'I.P'),('LORG-023','Parrilla de calentamiento','LINDEBERG','59066','','Se utiliza para calentar',NULL,NULL,'DAÑADA','L.QO',40,'I.P'),('LORG-024','Estufa',NULL,NULL,NULL,'Es util para el secado de material y para llevar a cabo las reacciones que requieren de altas temperaturas',NULL,NULL,NULL,'L.QO',50,'I.P'),('LORG-025','Refrigerador','FRIGIDAIRE','FFTR2131QS0','4A54321675','Es utilizado para almacenar y mantener reactivos que requieren temperaturas bajas',NULL,NULL,NULL,'L.QO',2,'I.P'),('LPES-001','Torre de destilación','Chemint',NULL,NULL,NULL,NULL,'',NULL,'L.PE',46,'I.P'),('LPES-002','Torre de absorcón','Chemint',NULL,NULL,NULL,NULL,'',NULL,'L.PE',46,'I.P'),('LPES-003','Secador rotatorio','Chemint','ADF64/150',NULL,NULL,NULL,'',NULL,'L.PE',46,'I.P'),('LPES-004','Reactor esmaltado','Pfavoler','UTL3023157',NULL,NULL,NULL,'',NULL,'L.PE',46,'I.P'),('LPES-005','Reactor esmaltado','Pfavoler','UTL3023157',NULL,NULL,NULL,'',NULL,'L.PE',46,'I.P'),('LPES-006','Reactor cristalizador','Chemint','CR25601',NULL,NULL,NULL,'',NULL,'L.PE',46,'I.P'),('LPES-007','Evaporador doble efecto','Chemint','F2-F2B',NULL,NULL,NULL,'',NULL,'L.PE',46,'I.P'),('LPES-008','Evaporador de película ascendente','Chemint','NVPE100',NULL,NULL,NULL,'',NULL,'L.PE',46,'I.P'),('LPES-009','Reactor hidrogenado','Chemint','4567',NULL,NULL,NULL,'',NULL,'L.PE',46,'I.P'),('LPES-010','Extractor sólido-liquido','Chemint','207',NULL,NULL,NULL,'',NULL,'L.PE',46,'I.P'),('LPES-011','Bomba centrifuga de vacío','Marelli',NULL,NULL,NULL,NULL,'',NULL,'L.PE',46,'I.P'),('LPES-012','Bomba centrifuga de vacío','Marelli',NULL,NULL,NULL,NULL,'',NULL,'L.PE',46,'I.P'),('LPES-013','Bomba centrífuga','Marelli','NVPE90L4',NULL,NULL,NULL,'',NULL,'L.PE',46,'I.P'),('LPES-014','Destilador de agua','Bamster',NULL,NULL,NULL,NULL,'','Fuera de operacion','L.PE',46,'I.P'),('LPES-015','Tanque de condensados',NULL,NULL,NULL,NULL,NULL,'',NULL,'L.PE',46,'I.P'),('LPES-016','Tanque de almacenamiento de acero inoxidable','Chemint','CR25601',NULL,NULL,NULL,'',NULL,'L.PE',46,'I.P'),('LPES-017','Tanque de almacenamiento de acero inoxidable','Chemint','CR25601',NULL,NULL,NULL,'',NULL,'L.PE',46,'I.P'),('LPES-018','Tanque de almacenamiento de acero inoxidable','Chemint','CR25601',NULL,NULL,NULL,'',NULL,'L.PE',46,'I.P'),('LPES-019','Filtro centrífugo','Chemint','29 ','',NULL,NULL,NULL,NULL,'L.PE',46,'I.P');
/*!40000 ALTER TABLE `inventario_l_pesados` ENABLE KEYS */;
UNLOCK TABLES;

--
-- Table structure for table `inventario_reactivos`
--

DROP TABLE IF EXISTS `inventario_reactivos`;
/*!40101 SET @saved_cs_client     = @@character_set_client */;
/*!50503 SET character_set_client = utf8mb4 */;
CREATE TABLE `inventario_reactivos` (
  `N_inventario` int NOT NULL AUTO_INCREMENT,
  `reactivo` varchar(40) DEFAULT NULL,
  `grupo` int DEFAULT NULL,
  `formula` varchar(40) DEFAULT NULL,
  `tipo` varchar(10) DEFAULT NULL,
  `id_compra` int DEFAULT NULL,
  `cantidad_aprox` decimal(6,3) DEFAULT NULL,
  `medida` varchar(45) DEFAULT NULL,
  PRIMARY KEY (`N_inventario`),
  KEY `fk_grupo_idx` (`grupo`),
  KEY `fk_tipinv_idx` (`tipo`),
  CONSTRAINT `fk_grupo` FOREIGN KEY (`grupo`) REFERENCES `grupo` (`id`),
  CONSTRAINT `fk_tipinv` FOREIGN KEY (`tipo`) REFERENCES `inventario` (`tipo_inventario`)
) ENGINE=InnoDB AUTO_INCREMENT=112 DEFAULT CHARSET=utf8mb4 COLLATE=utf8mb4_0900_ai_ci;
/*!40101 SET character_set_client = @saved_cs_client */;

--
-- Dumping data for table `inventario_reactivos`
--

LOCK TABLES `inventario_reactivos` WRITE;
/*!40000 ALTER TABLE `inventario_reactivos` DISABLE KEYS */;
INSERT INTO `inventario_reactivos` VALUES (1,'Ácido clorhidríco',1,'HCL','I.RA',1,0.800,'Litro'),(2,'Ácido sulfurico 4N',2,'H2S04','I.RA',4,0.250,'Litro'),(3,'Ácido sulfurico 10%',2,'H2S04','I.RA',1,0.200,'Litro'),(4,'Ácido sulfurico 7%',2,'H2S04','I.RA',1,0.300,'Litro'),(5,'Ácido sulfurico ',2,'H2S04','I.RA',4,0.600,'Litro'),(6,'Ácido acético neutro',3,'CH3COOH','I.RA',5,3.000,'Litro'),(7,'Anhídrido acético',3,'(CH3CO)2O','I.RA',1,0.600,'Litro'),(8,'Ácido acético',3,'CH3COOH','I.RA',4,10.000,'Litro'),(9,'Acido oxálico (FR)',3,'HOCOCOOH*,2H2O','I.RA',4,0.600,'Litro'),(10,'Acido tartárico',3,'H2C4C6O6','I.RA',1,3.000,'Libra'),(11,'Metanol',4,'CH3OH','I.RA',1,0.500,'Litro'),(12,'Alcohol N-propilico',4,'CH3CH2CH2OH','I.RA',1,0.300,'Litro'),(13,'Alcohol N-amilico',4,'CH3(CH2)3CH2OH','I.RA',4,0.400,'Litro'),(14,'Glicerol',4,'CH3H5(OH)3','I.RA',1,0.350,'Litro'),(15,'Alcohol terbutilico',4,'[CH3]3COH','I.RA',4,0.100,'Litro'),(16,'Alcohol etilico',4,'CH3CH2OH','I.RA',1,10.000,'Litro'),(17,'Alcohol etilico(reciclado)',4,'CH3CH2OH','I.RA',1,2.000,'Litro'),(18,'Alcohol iso-amílico',4,'(CH3)2CHCH2CH2OH','I.RA',1,2.000,'Litro'),(19,'1-propanol 99.7%',4,'C3H8O','I.RA',4,1.000,'Litro'),(20,'Formaldehido en solución',5,'HCHO','I.RA',2,1.300,'Litro'),(21,'Tioacetamida',6,'CH3CSNH2','I.RA',5,0.800,'Gramo'),(22,'Anilina',7,'C6H3NH2','I.RA',2,0.300,'Litro'),(23,'o-tuluidina',8,'C14H16N2*2HCL','I.RA',5,2.000,'Gramo'),(24,'Hidróxido de amonio (FR)',10,'NH4OH','I.RA',2,2.000,'Litro'),(25,'Amoniaco 2N (FR)',10,'NH3','I.RA',4,2.000,'Litro'),(26,'Sodio carbonatado anhídrico',10,'NA2CO3','I.RA',4,2.000,'Gramo'),(27,'Ácido bórico',1,'H3BO3','I.RA',2,400.000,'Gramo'),(28,'Hidróxido de sodio (perlas)',10,'NAOH','I.RA',4,0.400,'Gramo'),(29,'Hidróxido de sodio',10,'NAOH','I.RA',2,0.400,'Gramo'),(30,'Óxido de calcio',10,'CAO','I.RA',2,0.500,'Gramo'),(31,'Acetato de etilo',13,'CH3COOC2H5','I.RA',4,0.500,'Litro'),(32,'Benzoato de metilo',13,'C8H8O2','I.RA',4,0.500,'Litro'),(33,'Benzoato de metilo 99%',13,'C8H8O2','I.RA',5,0.500,'Litro'),(34,'Clorhidrato de hidroxilamina',16,'NH2OH*HCL','I.RA',2,400.000,'Gramo'),(35,'Tetracloruro de carbono',17,'CCL4','I.RA',2,2.000,'Litro'),(36,'Clorobenceno',17,'C6H3CL','I.RA',2,2.000,'Litro'),(37,'Acetona',19,'(CH3)2C0','I.RA',4,2.000,'Litro'),(38,'Etil-metil-acetona',19,'CH3COCH2CH3','I.RA',2,2.000,'Litro'),(39,'Aluminio en polvo',22,NULL,'I.RA',2,300.000,'Gramo'),(40,'Acido sulfurico 4%',2,'H2S04','I.RA',5,0.500,'Litro'),(41,'Hojas de zinc-metal',23,'Zn','I.RA',5,300.000,'Gramo'),(42,'Cobre electrolítico',23,'Cu','I.RA',2,600.000,'Gramo'),(43,'Cobre en lamina',23,'Cu','I.RA',4,300.000,'Gramo'),(44,'Cobre en virutas pesadas',23,'Cu','I.RA',2,400.000,'Gramo'),(45,'Balines de plomo',23,'pb','I.RA',3,600.000,'Gramo'),(46,'Bronce',23,NULL,'I.RA',2,300.000,'Gramo'),(47,'Cobre(alambres)',23,'Cu','I.RA',2,300.000,'Gramo'),(48,'Granalia de Zinc',23,'Zn','I.RA',3,600.000,'Gramo'),(49,'Aluminio',23,'Al','I.RA',5,600.000,'Gramo'),(50,'Cobre granular metal',23,'Cu','I.RA',4,100.000,'Gramo'),(51,'Sulfato cúprico',23,'CuSO4','I.RA',2,500.000,'Gramo'),(52,'Yoduro de potasio',23,'Kl','I.RA',3,400.000,'Gramo'),(53,'Sulfato de fierro heptahidratico',24,'FeSO4*7H20','I.RA',2,500.000,'Gramo'),(54,'Yodato de potasio',24,'KLO3','I.RA',2,200.000,'Gramo'),(55,'Cloruro de bario',24,'BACL2*2H2O','I.RA',3,0.400,'Litro'),(56,'Nitrato de bismuto ',24,'Bi(NO3)3*5H2O','I.RA',2,0.150,'Litro'),(57,'Nitrato de bario',24,'BA(NO3)2','I.RA',3,0.000,'Litro'),(58,'Cloruro de calcio',24,'CACL2*2H2O','I.RA',2,0.300,'Litro'),(59,'Estaño en polvo',24,'Sn','I.RA',3,300.000,'Gramo'),(60,'Sulfato de hierro 2',24,'FESO4*7H2O','I.RA',2,300.000,'Gramo'),(61,'Sulfato férrico amoniacal',24,'FE(NH4)(SO4)2*12H2O','I.RA',2,400.000,'Gramo'),(62,'Cloruro férrico',24,'FECl3*6H2O','I.RA',2,200.000,'Gramo'),(63,'Yoduro de mercurio',24,NULL,'I.RA',3,200.000,'Gramo'),(64,'Cromato de potasio',24,'K2CrO4','I.RA',2,150.000,'Gramo'),(65,'Nitrato de plata',24,'AgNO3','I.RA',2,0.100,'Litro'),(66,'Yoduro de potasio',24,'Kl','I.RA',4,150.000,'Gramo'),(67,'Permanganato de potasio',24,'KMnO4','I.RA',2,0.300,'Litro'),(68,'Sulfato de zinc heptahidratado',24,'ZnSO4*H2O','I.RA',2,350.000,'Gramo'),(69,'Sulfato ferroso amoniacal',24,'FE(NH4)(SO4)2*6H2O','I.RA',3,500.000,'Gramo'),(70,'Sulfato de Niquel',24,'NiSO4*6H2O','I.RA',2,300.000,'Gramo'),(71,'Oxido de plomo',24,'Pb3O4','I.RA',2,500.000,'Gramo'),(72,'Oxido de mercúrico',24,'HgO','I.RA',5,400.000,'Gramo'),(73,'Sulfato de zinc',24,'ZnSO4','I.RA',2,200.000,'Gramo'),(74,'Cloruro cúprico',24,'CuCL2*2H2O','I.RA',2,200.000,'Gramo'),(75,'Oxido de cobre (hilos)',24,'CuCL2O-CuO','I.RA',5,NULL,'Gramo'),(76,'Nitrato de plata',24,'AgNO30.1M','I.RA',2,0.500,'Litro'),(77,'Persulfato de potasio',24,'K2S2O8','I.RA',3,0.300,'Litro'),(78,'Estaño 20 mallas',24,NULL,'I.RA',3,450.000,'Gramo'),(79,'Mercurio',24,'Hg','I.RA',2,500.000,'Gramo'),(80,'Nitrobenceno',27,'C6H5NO2','I.RA',5,2.000,'Litro'),(81,'Peróxido de hidrogeno (30%)',30,'H2O2','I.RA',2,0.050,'Litro'),(82,'Sulfuro de hierro ',33,'FeS','I.RA',2,600.000,'Gramo'),(83,'Sulfato férrico',33,NULL,'I.RA',3,700.000,'Gramo'),(84,'Nitrato de amonio',102,'NH4NO3','I.RA',2,1.000,'Kilogramo'),(85,'Nitrato de bismuto',102,'BI(NO3)3 5H20','I.RA',2,600.000,'Gramo'),(86,'Tiocinato de amonio',102,'NH4SCN','I.RA',3,300.000,'Gramo'),(87,'Nitrato de potasio',102,'KNO3','I.RA',2,300.000,'Gramo'),(88,'Permanganato de potasio',104,'KMnO4 (5%)','I.RA',2,0.400,'Litro'),(89,'Cromato de potasio',104,'K2Cr2O4 (5%)','I.RA',2,0.200,'Litro'),(90,'Nitrato de plata',104,'PbO2','I.RA',4,0.250,'Litro'),(91,'Dióxido de plomo',104,'AgNO3','I.RA',2,200.000,'Gramo'),(92,'Nitrato de plata .5 M',104,'AgNO3','I.RA',5,0.200,'Litro'),(93,'Nitrato de cobalto',104,'Co(NO3)2 6H2O','I.RA',2,0.100,'Litro'),(94,'Nitrato de sodio',104,'NaNO3','I.RA',4,150.000,'Gramo'),(95,'Oxido de magnesio',104,'MgO','I.RA',3,0.000,'Gramo'),(105,'Acetato de sodio',105,'CH3COONa','I.RA',2,200.000,'Gramo'),(106,'Acetato de sodio tri-hidratado',105,'CH3COONa * 3H2O ','I.RA',2,250.000,'Gramo'),(107,'Acetato de sodio (anidro)',105,'CH3COONa','I.RA',4,100.000,'Gramo'),(108,'Sulfito de sodio',105,'Na2C2O4','I.RA',2,700.000,'Gramo'),(109,'Sodio',105,'Na','I.RA',5,400.000,'Gramo'),(111,'fsdf',105,'sdf','I.RA',3,0.200,'Litro');
/*!40000 ALTER TABLE `inventario_reactivos` ENABLE KEYS */;
UNLOCK TABLES;

--
-- Table structure for table `inventario_residuos`
--

DROP TABLE IF EXISTS `inventario_residuos`;
/*!40101 SET @saved_cs_client     = @@character_set_client */;
/*!50503 SET character_set_client = utf8mb4 */;
CREATE TABLE `inventario_residuos` (
  `nombre` varchar(200) NOT NULL,
  `cantidad` decimal(6,3) DEFAULT NULL,
  `contenedor` decimal(7,3) DEFAULT NULL,
  `fecha_de_generacion` date DEFAULT NULL,
  `tipo` varchar(10) DEFAULT NULL,
  `medida` varchar(10) DEFAULT NULL,
  PRIMARY KEY (`nombre`),
  KEY `fk_tipo_idx` (`tipo`),
  KEY `fk_tipoinv_idx` (`tipo`),
  CONSTRAINT `fk_tipoinv` FOREIGN KEY (`tipo`) REFERENCES `inventario` (`tipo_inventario`)
) ENGINE=InnoDB DEFAULT CHARSET=utf8mb4 COLLATE=utf8mb4_0900_ai_ci;
/*!40101 SET character_set_client = @saved_cs_client */;

--
-- Dumping data for table `inventario_residuos`
--

LOCK TABLES `inventario_residuos` WRITE;
/*!40000 ALTER TABLE `inventario_residuos` DISABLE KEYS */;
INSERT INTO `inventario_residuos` VALUES ('Aceite usado',2.000,8.000,'2021-09-18','I.R','Litro'),('Acetato de etilo- ácido acético',0.000,8.000,'2021-09-18','I.R','Litro'),('Acetato dietilo - aqua',1.200,8.000,'2021-09-18','I.R','Litro'),('Acido acélico - etanol',4.000,8.000,'2021-09-18','I.R','Litro'),('Acido acetice - agua',4.000,8.000,'2021-09-18','I.R','Litro'),('Acido acetico - agua ',0.800,8.000,'2021-09-18','I.R','Litro'),('Acido acético fenolftaleina',1.000,300.000,'2021-09-18','I.R','Gramo'),('Acido clorhídrico + yodo',2.000,8.000,'2021-09-18','I.R','Litro'),('Acido clorhídrico-acetato de metilo',3.600,8.000,'2021-09-18','I.R','Litro'),('Ácido clorhídrico-ácido de etilo',4.000,8.000,'2021-09-18','I.R','Litro'),('Acido clorhidrico-anaranjado de metilo',0.500,8.000,'2021-09-18','I.R','Litro'),('Butanol-agua',0.500,8.000,'2021-09-18','I.R','Litro'),('Carbón activado + hidróxido de sodio ',0.000,8.000,'2021-09-18','I.R','Litro'),('Cloruro de amonio',30.000,300.000,'2021-09-18','I.R','Gramo'),('Etanol-agua',2.000,8.000,'2021-09-18','I.R','Litro'),('Etilenglicol',3.200,8.000,'2021-09-18','I.R','Litro'),('Hidróxido de sodio - alcohol etilico',0.050,8.000,'2021-09-18','I.R','Litro'),('Manganato de potasio',0.020,8.000,'2021-09-18','I.R','Litro'),('Metanol-agua',1.000,8.000,'2021-09-18','I.R','Litro'),('Mezcla ácido acético contaminado con oxido',2.000,8.000,'2021-09-18','I.R','Litro'),('Mezcla ácido sulfúrico',7.800,8.000,'2021-09-18','I.R','Litro'),('Mezcla crómica-aqua',0.800,8.000,'2021-09-18','I.R','Litro'),('Mezcla de benceno-aqua',0.100,8.000,'2021-09-18','I.R','Litro'),('Mezcla de tiosulfato de sodio',0.000,8.000,'2021-09-18','I.R','Litro'),('Mezcla de yodo ácido clorhidrico',4.000,8.000,'2021-09-18','I.R','Litro'),('Mezcla de yoduro de potasio',0.000,8.000,'2021-09-18','I.R','Litro'),('Mezcla etilenglicol-agua',1.000,8.000,'2021-07-18','I.R','Litro'),('Mezcla no identificada',1.500,8.000,'2021-09-18','I.R','Litro'),('Mezcla orfhotolidna',1.000,8.000,'2021-09-18','I.R','Litro'),('Mezclas de cloruro de sodio, sulfato de cobre, cloruro de potasio, oxido de magnesio, carbonato de calcio, nitrato de boro, cloruro de estroncio',100.000,300.000,'2021-09-18','I.R','Gramo'),('N-n dimetil acetamide con resina',1.000,300.000,'2021-09-18','I.R','Gramo'),('Residuo de hidróxido de sodio .8N',1.000,8.000,'2021-09-18','I.R','Litro'),('Residuo de óxido de plomo Residuo de yoduro de potasio + peróxido',0.250,8.000,'2021-09-18','I.R','Litro'),('Residuo de sulfato de cobre',1.000,8.000,'2021-09-18','I.R','Litro'),('Residuo de yoduro de potasio',0.250,8.000,'2021-09-18','I.R','Litro'),('Residuo etilenglicol- etanol-agua',0.050,8.000,'2021-09-18','I.R','Litro'),('Residuo inorgánicos acetona',0.000,8.000,'2021-09-18','I.R','Litro'),('Residuos de cloro con reactivo ByC',0.140,8.000,'2021-09-18','I.R','Litro'),('sol',0.200,0.500,'2021-12-23','I.R','Litro'),('Solución de flemón',1.000,300.000,'2021-09-18','I.R','Gramo'),('Tiosulfato de sodio - ácido-sulfúnco agua',1.900,8.000,'2021-09-18','I.R','Litro');
/*!40000 ALTER TABLE `inventario_residuos` ENABLE KEYS */;
UNLOCK TABLES;

--
-- Table structure for table `laboratorio`
--

DROP TABLE IF EXISTS `laboratorio`;
/*!40101 SET @saved_cs_client     = @@character_set_client */;
/*!50503 SET character_set_client = utf8mb4 */;
CREATE TABLE `laboratorio` (
  `id` varchar(10) NOT NULL,
  `nombre` varchar(50) DEFAULT NULL,
  PRIMARY KEY (`id`)
) ENGINE=InnoDB DEFAULT CHARSET=utf8mb4 COLLATE=utf8mb4_0900_ai_ci;
/*!40101 SET character_set_client = @saved_cs_client */;

--
-- Dumping data for table `laboratorio`
--

LOCK TABLES `laboratorio` WRITE;
/*!40000 ALTER TABLE `laboratorio` DISABLE KEYS */;
INSERT INTO `laboratorio` VALUES ('L.AL','Laboratorio de alimentos'),('L.AM','Laboratorio de ambiental'),('L.AN','Laboratorio de analitica'),('L.FQ','Laboratorio de fisicoquímica'),('L.PE','Laboratorio de pesados'),('L.QI','Laboratorio de química inorgánica'),('L.QO','Laboratorio de química organica');
/*!40000 ALTER TABLE `laboratorio` ENABLE KEYS */;
UNLOCK TABLES;

--
-- Table structure for table `practica`
--

DROP TABLE IF EXISTS `practica`;
/*!40101 SET @saved_cs_client     = @@character_set_client */;
/*!50503 SET character_set_client = utf8mb4 */;
CREATE TABLE `practica` (
  `id` int NOT NULL AUTO_INCREMENT,
  `nombre` varchar(100) DEFAULT NULL,
  `info` varchar(500) DEFAULT NULL,
  PRIMARY KEY (`id`)
) ENGINE=InnoDB AUTO_INCREMENT=16 DEFAULT CHARSET=utf8mb4 COLLATE=utf8mb4_0900_ai_ci;
/*!40101 SET character_set_client = @saved_cs_client */;

--
-- Dumping data for table `practica`
--

LOCK TABLES `practica` WRITE;
/*!40000 ALTER TABLE `practica` DISABLE KEYS */;
INSERT INTO `practica` VALUES (1,'Ley de la conservasion de la masa','1.1 Utilizar la balanza para determinar la masa (peso) de algunos objetos. 1.2 Comprobar experimentalmente la ley de la conservación de la masa. 1.3 Comprobar experimentalmente algunas manifestaciones de la energía. 1.4. Conocer los métodos de separación de mezclas. '),(2,'Cambios de estado','1.1 Conocer y manejar algunas de las propiedades específicas de las sustancias. 1.2 Observar algunos cambios de estado e interpretarlos, clasificándolos en físicos y químicos. '),(3,'Particulas subatomicas','1.1. Deducir de acuerdo a los experimentos algunas características del electrón, partícula fundamental del átomo. '),(4,'Nímeros cuánticos y distribucion electrónica','1.1. Explicar el significado de los cuatro números cuánticos. 1.2. Deducir el posible número de los electrones por nivel, por subnivel y por cada orbital. '),(5,'Estructura de la tabla y propiedades periódicas','1.1. Observar una serie de elementos y ordenarlos en la tabla periódica según su característica de metales y no metales tanto como por su actividad química. 1.2. Ordenar una serie de elementos según su electronegatividad, energía de ionización y afinidad electrónica. '),(6,'Tipos de enlace químico','1.1. Escribir la formula de Lewis (electrónica) de compuestos binarios y ternarios. 1.2. Distinguir los diferentes tipos de enlace de las sustancias con base en la electronegatividad de sus elementos. '),(7,'Propiedades de las sustancias por su enlace químico','1.1 Comprobaras algunas de las propiedades de las sustancias con base a su enlace. '),(8,'Identificacion y nomenclatura de funciones quimicas inórganicas','1.1 Escribirás la fórmula química y el nombre de los compuesto inorgánicos más comunes. '),(9,'Tipos de reacciones quimicas inórganicas','1.1 Explicar el concepto y las características de una reacción química. 1.2 Explicar los diferentes tipos de reacciones químicas en los que se clasifican con base a la descomposición o la formación de las sustancias que intervienen. '),(10,'Volumetría ácido-base','1.  Aprender  a  realizar  una  volumetría  ácido-base. 2.  Determinar  la  concentración  de  una  disolución  de  NaOH  de  concentración desconocida  por  neutralización  con  una  disolución de HCl  de  concentración conocida. 3.  Determinar  la  acidez  del  vinagre  como  Ácido  Acético. '),(11,'Reacciones exotérmicas,endotérmicas y de descomposición','1.  Conocer  e  identificar  distintos  tipos  de  reacciones  Químicas. 2.  Analizar  los  cambios  que  se  producen  al combinar  dos  sustancias  químicas. 3.  Conocer  las  reacciones  involucradas  en  la  reacción  química. '),(12,'Reacciones de oxido-reducción','1.  Conocer  e  identificar  una  reacción  de  sustitución  simple. 2.  Visualizar  los  cambios  que  ocurren  en las  sustancias  cuando  ocurre  una  reacción  de óxido-reducción.');
/*!40000 ALTER TABLE `practica` ENABLE KEYS */;
UNLOCK TABLES;

--
-- Table structure for table `reactivo`
--

DROP TABLE IF EXISTS `reactivo`;
/*!40101 SET @saved_cs_client     = @@character_set_client */;
/*!50503 SET character_set_client = utf8mb4 */;
CREATE TABLE `reactivo` (
  `N_inventario` int NOT NULL,
  `cantidad` decimal(6,3) NOT NULL,
  `medida` varchar(10) DEFAULT NULL,
  `practica` int NOT NULL,
  PRIMARY KEY (`N_inventario`,`practica`),
  KEY `fk_inv_idx` (`N_inventario`),
  KEY `fk_prc_idx` (`practica`),
  CONSTRAINT `fk_inv` FOREIGN KEY (`N_inventario`) REFERENCES `inventario_reactivos` (`N_inventario`),
  CONSTRAINT `fk_prc` FOREIGN KEY (`practica`) REFERENCES `practica` (`id`)
) ENGINE=InnoDB DEFAULT CHARSET=utf8mb4 COLLATE=utf8mb4_0900_ai_ci;
/*!40101 SET character_set_client = @saved_cs_client */;

--
-- Dumping data for table `reactivo`
--

LOCK TABLES `reactivo` WRITE;
/*!40000 ALTER TABLE `reactivo` DISABLE KEYS */;
INSERT INTO `reactivo` VALUES (1,0.200,'Litro',1),(1,0.600,'Litro',8),(2,0.200,'Litro',11),(3,0.100,'Litro',3),(4,0.250,'Litro',4),(5,0.500,'Litro',11),(6,2.000,'Litro',2),(7,0.500,'Litro',8),(8,1.000,'Litro',4),(8,0.100,'Litro',8),(8,0.600,'Litro',9),(8,1.000,'Galon',12),(9,0.250,'Litro',2),(9,0.350,'Litro',5),(10,2.000,'Libra',1),(11,0.400,'Litro',4),(12,0.250,'Litro',8),(13,0.300,'Litro',9),(14,0.400,'Litro',2),(14,0.300,'Litro',12),(15,0.050,'Litro',11),(16,2.000,'Galon',1),(16,0.700,'Litro',4),(17,1.000,'Litro',5),(18,1.000,'Litro',8),(19,0.900,'Litro',9),(20,1.200,'Litro',2),(21,0.500,'Gramo',3),(22,0.240,'Litro',4),(23,0.085,'Gramo',5),(23,0.100,'Gramo',6),(23,0.400,'Gramo',7),(23,0.050,'Gramo',8),(23,0.025,'Gramo',9),(23,0.050,'Gramo',12),(24,1.000,'Litro',5),(25,0.200,'Litro',4),(26,0.450,'Gramo',3),(26,0.200,'Gramo',8),(26,0.250,'Gramo',9),(27,500.000,'Gramo',6),(28,0.200,'Gramo',7),(29,0.320,'Gramo',6),(30,0.450,'Gramo',2),(31,0.200,'Litro',3),(32,0.400,'Litro',11),(33,0.200,'Litro',9),(34,20.000,'Gramo',3),(34,60.000,'Gramo',4),(34,100.000,'Gramo',9),(34,100.000,'Gramo',12),(35,1.000,'Litro',5),(36,1.000,'Litro',6),(37,1.000,'Litro',7),(38,0.800,'Litro',2),(38,1.000,'Litro',9),(39,200.000,'Gramo',3),(40,0.450,'Litro',7),(41,250.000,'Gramo',11),(42,500.000,'Gramo',2),(43,200.000,'Gramo',10),(44,250.000,'Gramo',5),(45,500.000,'Gramo',3),(46,200.000,'Gramo',2),(47,100.000,'Gramo',11),(48,500.000,'Gramo',2),(49,500.000,'Gramo',5),(50,15.000,'Gramo',11),(51,400.000,'Gramo',4),(52,300.000,'Gramo',6),(53,0.400,'Litro',12),(56,0.150,'Litro',12),(58,0.300,'Litro',11),(58,0.300,'Litro',12),(59,300.000,'Gramo',7),(60,300.000,'Gramo',12),(61,400.000,'Gramo',2),(61,400.000,'Gramo',4),(61,400.000,'Gramo',5),(61,400.000,'Gramo',7),(62,200.000,'Gramo',2),(63,200.000,'Gramo',10),(64,150.000,'Gramo',6),(65,0.100,'Litro',7),(66,150.000,'Gramo',6),(66,150.000,'Gramo',12),(67,0.200,'Litro',5),(67,0.500,'Litro',11),(68,350.000,'Gramo',2),(69,250.000,'Gramo',7),(69,400.000,'Gramo',10),(70,250.000,'Gramo',2),(71,400.000,'Gramo',12),(72,300.000,'Gramo',6),(73,100.000,'Gramo',7),(74,100.000,'Gramo',3),(76,0.500,'Litro',10),(77,0.200,'Litro',1),(77,0.300,'Litro',4),(77,0.300,'Litro',12),(78,450.000,'Gramo',5),(79,500.000,'Gramo',10),(80,1.000,'Litro',1),(81,0.050,'Litro',3),(82,500.000,'Gramo',5),(83,600.000,'Gramo',6),(84,1.000,'Kilogramo',10),(85,100.000,'Gramo',5),(85,500.000,'Gramo',7),(86,300.000,'Gramo',1),(87,250.000,'Gramo',5),(88,0.400,'Litro',2),(89,0.100,'Litro',1),(90,0.250,'Litro',3),(91,150.000,'Gramo',4),(92,0.200,'Litro',6),(93,0.100,'Litro',6),(94,150.000,'Gramo',1),(105,150.000,'Gramo',1),(106,250.000,'Gramo',12),(107,100.000,'Gramo',4),(108,350.000,'Gramo',5),(108,350.000,'Gramo',6),(109,400.000,'Gramo',5);
/*!40000 ALTER TABLE `reactivo` ENABLE KEYS */;
UNLOCK TABLES;

--
-- Table structure for table `rol`
--

DROP TABLE IF EXISTS `rol`;
/*!40101 SET @saved_cs_client     = @@character_set_client */;
/*!50503 SET character_set_client = utf8mb4 */;
CREATE TABLE `rol` (
  `id` int NOT NULL,
  `nombre` varchar(45) DEFAULT NULL,
  PRIMARY KEY (`id`)
) ENGINE=InnoDB DEFAULT CHARSET=utf8mb4 COLLATE=utf8mb4_0900_ai_ci;
/*!40101 SET character_set_client = @saved_cs_client */;

--
-- Dumping data for table `rol`
--

LOCK TABLES `rol` WRITE;
/*!40000 ALTER TABLE `rol` DISABLE KEYS */;
INSERT INTO `rol` VALUES (1,'Administrador'),(2,'Jefe de departamento'),(3,'Asistente ');
/*!40000 ALTER TABLE `rol` ENABLE KEYS */;
UNLOCK TABLES;

--
-- Table structure for table `rol_inv`
--

DROP TABLE IF EXISTS `rol_inv`;
/*!40101 SET @saved_cs_client     = @@character_set_client */;
/*!50503 SET character_set_client = utf8mb4 */;
CREATE TABLE `rol_inv` (
  `rol` int NOT NULL,
  `tipo` varchar(10) NOT NULL,
  PRIMARY KEY (`rol`,`tipo`),
  KEY `fk_rol_inv_idx` (`tipo`),
  CONSTRAINT `fk_rols` FOREIGN KEY (`rol`) REFERENCES `rol` (`id`),
  CONSTRAINT `fk_tip_inv` FOREIGN KEY (`tipo`) REFERENCES `inventario` (`tipo_inventario`)
) ENGINE=InnoDB DEFAULT CHARSET=utf8mb4 COLLATE=utf8mb4_0900_ai_ci;
/*!40101 SET character_set_client = @saved_cs_client */;

--
-- Dumping data for table `rol_inv`
--

LOCK TABLES `rol_inv` WRITE;
/*!40000 ALTER TABLE `rol_inv` DISABLE KEYS */;
INSERT INTO `rol_inv` VALUES (1,'I.P'),(2,'I.P'),(3,'I.P'),(1,'I.R'),(2,'I.R'),(3,'I.R'),(1,'I.RA'),(2,'I.RA'),(3,'I.RA');
/*!40000 ALTER TABLE `rol_inv` ENABLE KEYS */;
UNLOCK TABLES;

--
-- Table structure for table `usuario`
--

DROP TABLE IF EXISTS `usuario`;
/*!40101 SET @saved_cs_client     = @@character_set_client */;
/*!50503 SET character_set_client = utf8mb4 */;
CREATE TABLE `usuario` (
  `id` int NOT NULL,
  `nombre` varchar(45) DEFAULT NULL,
  `usuario` varchar(45) DEFAULT NULL,
  `contraseña` varchar(45) DEFAULT NULL,
  `rol` int DEFAULT NULL,
  PRIMARY KEY (`id`),
  KEY `pk_usuario_rol_idx` (`rol`),
  CONSTRAINT `pk_usuario_rol` FOREIGN KEY (`rol`) REFERENCES `rol` (`id`)
) ENGINE=InnoDB DEFAULT CHARSET=utf8mb4 COLLATE=utf8mb4_0900_ai_ci;
/*!40101 SET character_set_client = @saved_cs_client */;

--
-- Dumping data for table `usuario`
--

LOCK TABLES `usuario` WRITE;
/*!40000 ALTER TABLE `usuario` DISABLE KEYS */;
/*!40000 ALTER TABLE `usuario` ENABLE KEYS */;
UNLOCK TABLES;

--
-- Dumping events for database 'inventarios'
--

--
-- Dumping routines for database 'inventarios'
--
/*!50003 DROP PROCEDURE IF EXISTS `Laboratorios_FisicoQuimica` */;
ALTER DATABASE `inventarios` CHARACTER SET utf8mb4 COLLATE utf8mb4_0900_ai_ci ;
/*!50003 SET @saved_cs_client      = @@character_set_client */ ;
/*!50003 SET @saved_cs_results     = @@character_set_results */ ;
/*!50003 SET @saved_col_connection = @@collation_connection */ ;
/*!50003 SET character_set_client  = utf8mb4 */ ;
/*!50003 SET character_set_results = utf8mb4 */ ;
/*!50003 SET collation_connection  = utf8mb4_0900_ai_ci */ ;
/*!50003 SET @saved_sql_mode       = @@sql_mode */ ;
/*!50003 SET sql_mode              = 'STRICT_TRANS_TABLES,NO_ENGINE_SUBSTITUTION' */ ;
DELIMITER ;;
CREATE DEFINER=`root`@`localhost` PROCEDURE `Laboratorios_FisicoQuimica`(IN tipo varchar(10))
BEGIN
SELECT * FROM inventario_l_pesados WHERE laboratorio = tipo ;
END ;;
DELIMITER ;
/*!50003 SET sql_mode              = @saved_sql_mode */ ;
/*!50003 SET character_set_client  = @saved_cs_client */ ;
/*!50003 SET character_set_results = @saved_cs_results */ ;
/*!50003 SET collation_connection  = @saved_col_connection */ ;
ALTER DATABASE `inventarios` CHARACTER SET utf8mb4 COLLATE utf8mb4_general_ci ;
/*!40103 SET TIME_ZONE=@OLD_TIME_ZONE */;

/*!40101 SET SQL_MODE=@OLD_SQL_MODE */;
/*!40014 SET FOREIGN_KEY_CHECKS=@OLD_FOREIGN_KEY_CHECKS */;
/*!40014 SET UNIQUE_CHECKS=@OLD_UNIQUE_CHECKS */;
/*!40101 SET CHARACTER_SET_CLIENT=@OLD_CHARACTER_SET_CLIENT */;
/*!40101 SET CHARACTER_SET_RESULTS=@OLD_CHARACTER_SET_RESULTS */;
/*!40101 SET COLLATION_CONNECTION=@OLD_COLLATION_CONNECTION */;
/*!40111 SET SQL_NOTES=@OLD_SQL_NOTES */;

-- Dump completed on 2022-01-02 22:28:13
